Age,Annual_Income,Spending_Score,Time_on_Site_min,Loyalty_Years,Avg_Receipt_USD,Total_Clicks,Device_Screen_Width,Session_ID,Will_Subscribe
32,96610.0,79,40.0,2.9,381,122,1366,163530,1
48,46195.0,72,15.0,4.4,195,44,1920,529440,0
49,,26,19.0,5.4,206,60,375,369932,1
47,60707.0,54,18.0,8.1,195,61,1920,652370,1
41,118177.0,62,,4.8,47,115,1366,713858,1
30,111358.0,46,37.0,1.8,372,109,375,725303,1
60,45804.0,39,28.0,5.0,183,91,1366,832176,1
39,52828.0,50,28.0,5.4,200,87,1366,970020,1
36,119858.0,82,42.0,6.0,63,123,414,247603,1
57,54780.0,34,25.0,6.6,196,77,375,974772,1
46,53536.0,55,28.0,5.0,166,81,414,718727,1
56,28885.0,34,22.0,5.7,260,63,375,241214,0
37,69223.0,68,21.0,7.0,265,64,1366,739341,1
46,114011.0,61,41.0,5.0,70,113,1366,672643,1
33,119631.0,44,45.0,2.7,363,126,1920,503082,1
58,68233.0,36,19.0,4.9,269,54,375,301139,1
36,77757.0,73,14.0,6.4,182,36,414,858994,1
45,45721.0,82,19.0,5.9,205,58,1920,749714,1
40,108420.0,65,43.0,5.2,66,124,1920,688315,1
26,101820.0,50,42.0,2.9,399,118,1920,551122,1
41,50846.0,60,20.0,5.9,112,67,414,259210,1
41,107860.0,64,39.0,4.4,157,115,1920,192601,1
37,49924.0,61,20.0,7.3,187,60,414,129956,0
56,47437.0,48,13.0,6.8,280,31,1920,338340,1
34,115934.0,70,42.0,4.9,54,123,414,729085,1
56,54480.0,46,18.0,6.6,142,54,1366,569511,1
46,66059.0,64,11.0,5.8,209,27,1366,760799,1
54,58425.0,34,23.0,5.8,164,70,1366,928965,1
28,117919.0,46,28.0,2.8,389,80,1366,521486,1
39,115948.0,58,33.0,6.2,67,97,1366,703103,1
36,59519.0,54,20.0,3.0,223,56,1920,139279,1
40,52206.0,52,17.0,6.0,192,60,1920,471931,1
41,99491.0,74,35.0,4.0,119,104,1920,248702,1
52,45821.0,66,16.0,5.0,164,42,414,161063,0
32,103102.0,67,41.0,4.8,382,127,414,873887,1
51,60498.0,57,26.0,4.9,182,71,414,354311,1
39,46445.0,62,6.0,8.2,183,19,414,752184,0
50,54205.0,64,24.0,5.1,180,62,1366,790504,1
34,109141.0,85,,4.3,80,122,1366,545377,1
42,125568.0,81,45.0,5.5,47,135,1366,589934,1
43,43308.0,60,21.0,6.5,186,66,375,619089,1
57,47600.0,34,17.0,7.7,181,51,1920,846434,0
43,63382.0,67,20.0,7.6,102,59,414,308432,1
43,102195.0,65,49.0,4.5,104,145,414,282051,1
47,65497.0,57,13.0,5.3,173,31,1366,197661,0
38,68585.0,56,9.0,5.9,166,23,414,797960,1
55,38138.0,25,22.0,6.6,180,63,414,552776,0
51,60294.0,62,19.0,3.1,196,62,1920,571256,1
37,47685.0,66,30.0,5.9,190,91,1366,223257,1
32,100730.0,60,34.0,2.5,349,93,1920,972637,1
54,50548.0,18,18.0,6.6,204,55,375,369054,1
26,91606.0,59,48.0,3.2,429,142,375,933289,1
63,48274.0,18,23.0,8.8,175,65,375,659252,1
28,103219.0,58,42.0,3.3,386,129,1366,518443,1
29,,46,41.0,4.5,390,128,414,903585,1
44,101355.0,65,41.0,3.2,124,127,1366,421909,1
35,123284.0,70,41.0,3.8,365,118,1366,854444,1
64,50769.0,26,12.0,5.9,204,34,414,732500,0
48,,59,14.0,7.1,87,43,1920,663359,1
44,61780.0,60,,6.6,155,58,375,212990,1
57,37304.0,21,27.0,7.2,216,78,1920,169519,1
34,,63,48.0,3.3,385,143,375,109503,1
54,51894.0,68,15.0,3.4,158,39,1366,291775,0
39,64896.0,63,20.0,5.1,194,54,375,719745,1
63,52284.0,21,20.0,6.2,237,64,1366,813226,1
35,133332.0,59,35.0,3.8,132,111,1920,247977,1
49,28433.0,23,24.0,6.8,262,71,1366,670126,1
45,62173.0,43,19.0,5.5,133,62,1920,551495,1
27,111095.0,56,43.0,4.0,367,130,414,713777,1
56,33908.0,22,15.0,7.8,201,41,414,126806,0
40,65402.0,76,21.0,4.2,127,64,414,276072,1
51,44603.0,22,28.0,4.7,255,91,1366,515384,1
42,109619.0,64,42.0,6.0,134,125,414,170119,1
56,45617.0,39,21.0,5.3,297,70,375,925146,1
59,56439.0,20,19.0,7.7,255,43,1920,285165,1
36,120561.0,85,45.0,4.4,157,139,1920,941851,1
45,67573.0,69,20.0,5.8,141,60,375,729720,1
50,92212.0,69,42.0,5.1,69,124,1366,570641,1
28,93830.0,56,50.0,2.7,381,150,1366,979381,1
46,42827.0,54,19.0,7.4,186,47,1920,571027,0
49,42212.0,19,21.0,7.5,245,61,414,507507,1
54,50983.0,28,27.0,6.3,187,82,1366,802164,1
52,59466.0,32,19.0,5.2,188,64,1366,963403,1
29,102504.0,60,,4.3,299,123,375,979903,1
51,,22,27.0,7.4,228,76,375,951378,1
30,107238.0,58,40.0,3.5,385,117,414,985421,1
44,128956.0,74,49.0,3.7,43,151,1366,184080,1
56,52939.0,21,27.0,7.5,242,82,1366,352791,1
53,35902.0,31,22.0,7.2,200,63,375,177794,0
27,129596.0,45,44.0,5.9,367,134,1366,392985,1
45,56301.0,53,18.0,4.1,213,54,1920,224447,1
47,107557.0,63,41.0,4.0,121,127,375,220029,1
31,116841.0,51,45.0,5.6,357,131,414,279830,1
37,112500.0,71,44.0,2.6,158,130,375,607942,1
37,131115.0,63,37.0,5.7,43,109,1366,438416,1
58,55834.0,32,16.0,6.6,268,40,414,661931,1
44,69843.0,59,24.0,8.1,220,73,375,406094,1
52,35769.0,26,17.0,7.2,140,52,1920,287921,0
19,108594.0,65,45.0,4.9,322,135,1920,462644,1
31,102033.0,63,41.0,4.1,351,121,375,783404,1
48,126412.0,68,32.0,8.0,97,88,1920,598685,1
31,111913.0,67,46.0,4.4,341,135,1920,487732,1
50,52182.0,10,21.0,8.6,178,61,1920,640285,1
44,44114.0,19,11.0,4.6,222,28,414,966183,0
59,47505.0,18,26.0,5.5,179,77,1920,722893,1
40,142554.0,63,47.0,6.8,72,143,1920,941965,1
41,110152.0,65,37.0,4.2,102,120,1920,444710,1
61,30885.0,1,23.0,6.5,172,69,414,850230,1
28,87417.0,50,50.0,3.1,343,151,375,769931,1
41,98003.0,72,35.0,5.8,67,104,1366,732543,1
38,123527.0,56,37.0,3.5,293,101,1920,884586,1
35,91807.0,66,51.0,3.8,412,152,375,551157,1
58,60185.0,21,22.0,6.0,253,66,1920,158005,1
60,56730.0,29,22.0,7.8,162,78,414,317322,1
41,137695.0,87,41.0,4.8,100,122,375,289784,1
57,62755.0,34,18.0,6.5,208,55,414,667829,1
32,106059.0,71,43.0,1.1,419,128,1920,123387,1
65,43785.0,34,23.0,6.5,214,63,1920,980412,1
42,112823.0,65,41.0,4.7,141,128,414,804268,1
42,117471.0,64,44.0,4.5,63,135,1366,185457,1
34,126603.0,74,36.0,5.5,189,111,414,244129,1
42,45828.0,54,13.0,5.7,216,34,1920,688316,0
28,110639.0,62,32.0,4.3,375,103,414,743534,1
46,122691.0,76,42.0,4.7,57,118,1366,417875,1
41,67223.0,66,30.0,7.6,213,92,414,780218,1
43,55187.0,56,20.0,6.7,92,70,1366,279761,1
57,48473.0,20,27.0,7.0,195,76,1366,668926,1
55,53363.0,24,19.0,5.0,216,54,414,584814,1
43,32850.0,75,16.0,6.2,152,48,414,277558,0
41,119932.0,71,39.0,3.8,67,114,375,644855,1
56,24630.0,33,15.0,4.7,147,37,1920,522955,0
30,97307.0,67,48.0,1.3,334,144,1366,682092,1
48,118281.0,59,41.0,6.2,69,117,375,470965,1
50,54860.0,3,17.0,5.6,244,53,414,103754,0
59,45037.0,28,23.0,6.6,134,64,1920,651332,1
47,53173.0,56,17.0,6.8,224,58,375,167260,1
58,42188.0,47,16.0,4.1,198,44,1366,166912,0
46,114133.0,73,48.0,5.0,203,142,375,356695,1
38,118087.0,85,38.0,4.0,173,118,1366,632994,1
42,61291.0,63,12.0,7.5,174,29,414,895326,1
47,56323.0,57,5.0,5.9,151,16,1920,446130,0
62,56171.0,33,22.0,5.5,212,72,1920,968374,1
35,47448.0,48,28.0,5.9,150,75,1920,806972,1
43,38132.0,66,23.0,5.3,214,69,414,129725,1
56,47379.0,29,15.0,5.3,164,46,1366,236998,1
37,113859.0,69,36.0,5.6,135,111,414,204555,1
63,27042.0,41,19.0,7.3,221,50,1920,361486,0
38,127628.0,81,42.0,3.3,81,119,414,895928,1
40,48625.0,55,15.0,5.3,149,47,414,680735,0
28,104202.0,59,39.0,3.1,302,118,414,988036,1
28,127354.0,66,36.0,3.9,302,109,1366,785166,1
27,112188.0,65,51.0,4.2,304,154,375,974631,1
48,123691.0,70,47.0,4.8,59,137,375,665609,1
39,57725.0,69,15.0,7.2,114,46,414,877401,1
27,115964.0,70,46.0,4.3,388,139,375,333103,1
46,55546.0,74,10.0,4.4,74,26,375,515872,0
35,45727.0,68,19.0,7.6,182,66,414,155147,1
30,126022.0,82,27.0,4.3,79,83,414,715684,1
40,119196.0,71,31.0,6.0,74,87,1920,542882,1
53,54068.0,32,21.0,4.9,210,66,375,575584,1
40,118359.0,77,36.0,5.0,95,103,1366,400931,1
36,106130.0,51,40.0,4.4,389,123,414,344839,1
46,56717.0,59,26.0,6.9,232,83,1920,556162,1
43,42065.0,70,18.0,5.9,192,49,1366,646015,1
45,53004.0,62,14.0,8.3,208,46,375,863711,0
42,123156.0,52,41.0,6.3,44,125,1920,195081,1
29,96484.0,40,39.0,3.1,325,121,414,484865,1
34,99166.0,49,38.0,2.7,352,123,1366,865418,1
32,119050.0,75,38.0,2.3,314,112,414,692344,1
43,52648.0,62,16.0,3.4,250,44,375,758441,0
32,102965.0,53,38.0,4.0,418,109,1366,789556,1
58,69775.0,37,20.0,6.0,203,55,375,792095,1
25,118763.0,67,47.0,3.9,367,140,375,860109,1
28,103366.0,76,51.0,1.7,401,154,1920,180102,1
43,62954.0,72,22.0,6.4,123,67,414,256570,1
31,70387.0,69,9.0,5.3,230,31,1366,701153,0
39,117756.0,63,49.0,3.5,367,147,375,787016,1
31,117504.0,35,47.0,2.5,290,148,375,167695,1
49,127320.0,80,42.0,5.7,72,124,1366,531116,1
44,54622.0,56,15.0,5.0,142,58,375,621608,1
35,134242.0,82,36.0,2.5,151,111,1920,217235,1
30,113813.0,50,41.0,4.2,402,118,1920,540917,1
36,121888.0,55,42.0,1.2,333,120,1920,733065,1
44,78264.0,48,25.0,6.3,200,77,1920,119033,1
38,110257.0,67,30.0,5.1,106,88,375,616409,1
42,46259.0,69,24.0,3.5,164,75,1366,766165,1
43,73147.0,61,20.0,4.6,156,62,1366,791211,1
28,88537.0,77,51.0,1.7,395,152,1366,651120,1
33,93628.0,68,52.0,1.9,328,151,1366,294509,1
58,44300.0,28,24.0,3.8,273,64,414,477869,1
38,125449.0,65,48.0,5.6,74,141,1366,245016,1
40,117864.0,84,36.0,3.7,74,112,414,382017,1
47,119884.0,61,37.0,3.6,37,112,414,664660,1
61,68822.0,37,,5.5,169,74,1920,189464,1
46,52824.0,49,28.0,6.5,106,84,414,770739,1
35,122154.0,72,37.0,4.7,109,112,375,217322,1
44,60327.0,46,19.0,6.7,195,52,414,792111,1
32,115968.0,64,43.0,3.7,90,129,1920,986514,1
46,114130.0,77,37.0,5.1,89,111,414,845182,1
31,94968.0,73,39.0,4.6,384,111,375,891542,1
50,45962.0,40,12.0,4.9,223,37,375,547557,0
42,20069.0,63,16.0,8.1,166,50,375,898519,0
42,60877.0,58,13.0,5.9,178,44,1920,516978,1
26,125795.0,69,42.0,4.8,320,131,1920,969049,1
52,37505.0,30,17.0,6.8,99,44,1366,724771,1
59,33197.0,20,15.0,7.6,257,40,1920,623886,0
40,58565.0,47,25.0,5.2,195,77,375,633884,1
23,95719.0,59,44.0,1.9,467,134,375,334627,1
30,90292.0,58,43.0,6.6,320,131,1920,731827,1
45,119147.0,73,44.0,6.8,137,151,414,642601,1
44,118623.0,61,38.0,4.7,46,116,1920,999607,1
33,102029.0,71,47.0,4.2,309,146,1920,821909,1
45,33634.0,42,22.0,6.7,162,70,375,214914,1
35,95485.0,56,46.0,4.3,356,141,1366,647993,1
41,115567.0,67,38.0,5.1,23,112,375,822724,1
57,36883.0,39,26.0,6.9,233,81,1366,959877,1
51,45132.0,26,14.0,6.7,228,38,375,203892,0
41,61325.0,61,25.0,7.3,106,73,1920,834005,1
57,27639.0,35,22.0,7.0,262,63,375,364167,0
31,116651.0,51,44.0,2.2,377,132,375,743942,1
31,111958.0,71,51.0,2.9,311,164,375,290868,1
41,122981.0,84,42.0,4.7,40,116,1920,180073,1
60,53415.0,18,21.0,7.1,281,66,1920,978629,1
52,20527.0,31,24.0,6.5,136,63,1920,688717,1
59,25505.0,40,19.0,6.7,268,54,1920,204195,1
40,95446.0,74,40.0,5.0,41,125,1366,816987,1
62,68914.0,28,14.0,8.9,284,42,1366,133848,1
31,109722.0,66,37.0,4.6,363,105,414,389910,1
40,54745.0,68,35.0,7.1,129,101,1920,168099,1
38,105251.0,72,33.0,5.2,24,102,1366,529276,1
52,55035.0,16,25.0,4.9,186,71,375,169122,1
24,100110.0,70,55.0,1.3,288,166,1920,771447,1
43,87706.0,60,12.0,6.4,78,36,414,673156,1
26,97144.0,60,39.0,4.2,428,113,414,743407,1
64,52940.0,32,20.0,4.2,274,70,414,516441,1
36,119257.0,68,42.0,5.3,92,129,375,981718,1
32,102901.0,69,46.0,3.9,392,127,1366,368787,1
39,120816.0,60,38.0,4.9,116,114,375,586275,1
34,98962.0,78,49.0,2.8,420,143,1920,398871,1
28,98692.0,47,43.0,1.4,398,133,414,209079,1
35,116910.0,53,45.0,2.1,309,131,375,952129,1
54,56011.0,24,20.0,8.9,158,59,375,116029,1
47,61949.0,77,21.0,4.5,222,65,1366,346353,1
21,115798.0,56,43.0,3.8,374,133,1366,507442,1
45,70998.0,66,16.0,5.5,175,41,414,294718,1
42,107635.0,63,40.0,5.0,74,118,375,521947,1
40,109155.0,61,29.0,5.7,98,84,375,471602,1
30,124276.0,58,37.0,3.2,20,107,1366,996816,1
44,49749.0,52,17.0,4.8,167,59,375,168926,0
58,20148.0,35,21.0,5.9,303,65,375,761357,0
55,45541.0,38,16.0,4.3,211,41,375,417650,0
29,117334.0,72,57.0,4.1,380,175,1366,964661,1
38,39683.0,62,17.0,6.9,162,61,414,543031,1
58,51205.0,41,7.0,3.2,197,26,1920,142092,0
46,68884.0,65,15.0,7.3,165,37,414,424683,1
27,91986.0,56,44.0,4.1,343,129,1920,252889,1
45,81723.0,90,38.0,6.1,51,120,375,793221,1
54,37544.0,27,23.0,6.2,231,65,414,637716,1
33,52727.0,63,18.0,5.9,167,56,1920,275006,0
44,59254.0,62,18.0,9.1,214,57,1366,870915,1
39,114806.0,92,28.0,5.6,27,79,1366,869727,1
33,130516.0,77,38.0,5.1,48,113,414,241330,1
24,128460.0,69,44.0,4.9,331,115,414,157775,1
38,20000.0,64,20.0,3.9,124,54,375,836940,0
55,32357.0,24,23.0,7.8,172,67,414,367613,1
47,46978.0,43,18.0,6.5,175,47,375,390998,1
42,108579.0,82,34.0,4.5,76,110,375,761616,1
29,101900.0,52,46.0,5.9,322,130,1366,879446,1
49,59634.0,72,14.0,5.3,51,39,1366,176256,1
46,100260.0,76,42.0,4.3,152,126,1920,461278,1
48,64613.0,70,13.0,6.0,152,46,1366,757011,1
36,120739.0,76,37.0,5.1,42,103,1366,281360,1
41,125733.0,66,46.0,7.6,80,143,414,446874,1
33,,58,38.0,0.1,358,114,1366,518267,1
37,114628.0,61,35.0,3.0,331,100,1920,389530,1
34,92692.0,66,47.0,2.5,391,143,414,342634,1
26,99122.0,55,51.0,0.6,497,153,1920,133787,1
48,53410.0,62,23.0,7.0,177,65,1366,645909,1
45,65930.0,78,21.0,4.7,154,63,1920,702272,1
40,116996.0,76,39.0,4.1,103,115,414,553008,1
33,94477.0,46,48.0,3.8,329,144,375,538469,1
39,78676.0,62,11.0,7.8,170,36,1920,920483,1
34,55667.0,67,20.0,6.3,213,67,1920,411955,1
49,52866.0,27,22.0,7.1,229,59,414,130447,1
32,100972.0,54,43.0,2.0,321,139,414,228046,1
57,50406.0,34,28.0,6.9,174,74,1920,839290,1
35,105900.0,66,44.0,5.1,21,131,1366,616494,1
43,37255.0,79,18.0,7.0,130,56,1920,785614,1
46,56660.0,60,17.0,7.0,178,52,414,970477,1
51,115332.0,71,42.0,5.3,104,122,375,741147,1
61,52496.0,20,19.0,5.4,188,55,375,288490,1
42,63899.0,51,18.0,5.3,196,51,1366,507688,1
40,56388.0,65,13.0,6.1,104,36,1920,604409,0
54,23635.0,42,14.0,7.8,257,46,375,627759,0
40,57437.0,49,19.0,8.5,208,58,1920,338404,1
39,49201.0,59,23.0,5.7,99,65,414,744600,1
29,88272.0,72,47.0,3.9,430,145,375,616595,1
37,93847.0,55,39.0,5.0,57,118,1366,851164,1
26,119047.0,73,43.0,0.6,341,133,414,763689,1
40,109733.0,77,41.0,4.2,143,126,1366,265937,1
37,,65,34.0,4.6,51,97,414,146850,1
38,108522.0,67,41.0,5.4,71,120,375,416364,1
58,40449.0,14,20.0,5.6,222,63,1366,343306,1
43,81862.0,42,22.0,5.9,189,69,1366,193808,1
26,109987.0,49,50.0,2.7,375,149,414,601597,1
49,50629.0,69,8.0,6.9,131,24,1366,761757,1
53,53882.0,14,14.0,8.0,203,48,414,328981,1
25,113099.0,69,41.0,2.7,377,120,414,622220,1
41,111291.0,57,36.0,4.3,61,110,414,790885,1
41,50252.0,44,17.0,7.0,112,49,414,153072,1
62,31276.0,44,18.0,5.9,139,52,375,845466,1
38,100766.0,51,51.0,5.8,366,158,414,708108,1
28,105166.0,60,41.0,3.0,433,127,1920,577746,1
59,24647.0,28,17.0,6.8,237,55,1366,123284,0
40,117808.0,59,46.0,4.6,141,144,1920,183369,1
29,122934.0,45,39.0,3.2,298,117,375,911554,1
43,64153.0,70,13.0,7.2,115,42,1920,956985,1
39,91241.0,62,40.0,3.9,367,118,1366,837266,1
55,39336.0,25,18.0,5.6,165,55,1920,981220,1
44,40816.0,66,16.0,6.1,194,47,375,687100,0
27,111182.0,68,47.0,4.8,396,141,414,370143,1
45,31165.0,61,19.0,5.7,219,59,1920,384580,1
58,49734.0,28,14.0,8.0,293,37,375,929395,1
33,92617.0,61,45.0,5.1,312,145,375,757456,1
49,55446.0,56,17.0,7.1,140,45,1366,623156,0
56,53199.0,38,15.0,6.8,207,38,1366,869097,1
48,72400.0,56,17.0,5.1,181,56,1920,518495,1
43,59896.0,77,17.0,6.3,120,54,414,352164,1
49,65716.0,60,19.0,5.9,212,60,375,995331,1
53,56292.0,19,24.0,7.9,247,75,1920,869605,1
41,74420.0,54,15.0,5.5,114,44,375,388345,1
38,142315.0,65,39.0,6.7,178,112,375,250787,1
40,124690.0,77,46.0,3.5,123,138,414,260381,1
38,100590.0,89,39.0,3.8,104,113,414,770438,1
28,94163.0,65,48.0,3.9,436,148,1920,549830,1
43,49488.0,90,26.0,4.5,175,77,414,629393,1
40,103024.0,66,41.0,5.7,56,118,414,456992,1
57,50433.0,17,22.0,5.2,191,64,1920,889271,1
38,42830.0,68,19.0,5.9,147,59,414,168920,1
34,104858.0,64,43.0,3.7,342,126,1366,930051,1
48,84037.0,50,22.0,5.6,198,61,375,667109,1
28,109043.0,65,46.0,3.4,397,139,375,750024,1
28,95794.0,62,52.0,3.7,356,157,375,641357,1
61,60024.0,37,19.0,5.5,232,54,375,605659,1
43,103916.0,71,38.0,6.1,114,111,1920,107531,1
47,101162.0,73,34.0,4.6,108,103,375,530267,1
42,111463.0,78,26.0,5.0,127,70,375,763096,1
47,98010.0,66,39.0,6.5,35,109,375,763070,1
28,109311.0,63,42.0,2.3,337,122,375,167155,1
47,41765.0,66,12.0,4.7,139,34,1366,686712,0
18,108426.0,78,50.0,3.6,346,151,375,407747,1
42,118584.0,86,41.0,4.4,135,130,1366,574013,1
40,22915.0,66,12.0,3.5,47,40,1920,232503,0
45,45530.0,68,15.0,6.4,152,44,414,829963,1
32,100540.0,40,49.0,2.7,330,146,375,792841,1
40,46385.0,58,23.0,4.7,183,63,414,979005,1
22,117576.0,54,48.0,0.8,404,143,414,764917,1
33,127489.0,59,38.0,4.7,361,112,1920,465446,1
32,121644.0,59,48.0,5.4,421,145,414,755522,1
40,111442.0,76,43.0,4.0,71,124,1366,119675,1
25,90082.0,62,44.0,3.6,376,134,414,173997,1
26,98966.0,63,42.0,0.5,278,133,414,248087,1
32,92635.0,69,48.0,2.4,368,143,414,586799,1
55,42050.0,1,32.0,7.6,202,98,375,619349,1
62,51757.0,23,23.0,5.6,189,72,375,855678,1
33,113602.0,71,52.0,4.5,107,153,1366,240905,1
43,111651.0,68,44.0,5.7,129,133,1366,370040,1
57,33428.0,25,21.0,5.6,209,63,375,526188,1
44,101404.0,56,45.0,5.1,63,135,1366,411877,1
62,20641.0,41,22.0,4.7,173,62,375,875723,1
39,93821.0,65,38.0,4.0,328,114,1920,666088,1
35,112850.0,58,38.0,2.9,412,116,414,196044,1
53,58905.0,34,19.0,6.2,189,64,414,367491,0
44,107649.0,76,44.0,5.5,29,136,1366,814423,1
54,39509.0,29,19.0,5.7,187,67,375,589066,1
44,113000.0,71,28.0,5.9,109,80,375,758003,1
35,108864.0,60,45.0,4.0,393,139,1366,402929,1
57,38235.0,14,22.0,7.6,238,66,375,905113,1
30,90192.0,58,39.0,3.7,422,127,1920,466008,1
48,56982.0,22,19.0,5.2,207,52,414,933731,1
42,67714.0,56,16.0,5.1,201,43,1366,117073,1
54,44491.0,33,21.0,5.5,211,60,1366,988736,0
35,103692.0,61,34.0,4.7,104,91,375,654970,1
56,42397.0,15,22.0,8.4,219,63,1366,853158,1
61,45250.0,26,23.0,4.5,227,65,1920,852254,1
44,56838.0,59,18.0,10.0,154,54,375,507505,1
48,51916.0,57,27.0,4.5,118,82,375,215359,0
26,103673.0,60,43.0,3.8,426,138,375,166707,1
28,105880.0,61,33.0,3.3,338,103,375,351351,1
35,128139.0,49,46.0,2.7,362,135,1920,570670,1
52,45982.0,35,21.0,5.5,227,58,375,338511,1
41,110690.0,73,34.0,5.4,159,104,1366,335718,1
54,25977.0,25,19.0,7.0,189,50,1920,689716,0
40,103815.0,65,43.0,5.3,54,138,414,150601,1
27,92404.0,59,42.0,6.4,384,131,414,495755,1
28,122185.0,77,49.0,3.4,333,144,1366,595479,1
55,63348.0,27,22.0,7.7,185,57,1366,735775,1
41,113202.0,63,37.0,2.6,91,117,1920,778029,1
39,125994.0,71,33.0,3.8,123,98,414,564184,1
37,62719.0,68,21.0,4.8,175,69,414,513860,1
47,35929.0,65,17.0,6.2,184,43,414,511961,1
43,50623.0,43,26.0,4.5,140,75,414,351924,0
42,134739.0,79,35.0,3.6,115,105,414,883441,1
63,43814.0,35,,7.2,226,42,375,914660,1
50,47257.0,28,23.0,7.4,215,66,1366,623394,1
50,33661.0,32,9.0,7.5,211,30,375,349430,0
39,65572.0,58,16.0,6.3,197,42,414,527737,1
62,66503.0,59,14.0,6.5,131,41,1920,222788,1
46,120161.0,76,43.0,5.7,106,129,1920,721527,1
44,134411.0,76,37.0,5.5,141,113,414,651216,1
32,116426.0,38,38.0,4.1,452,117,414,380466,1
44,117549.0,65,41.0,4.8,135,117,1920,550930,1
52,49363.0,17,11.0,5.7,213,25,375,450040,0
30,123027.0,71,37.0,4.8,12,117,375,162292,1
54,25774.0,19,31.0,4.6,226,94,414,653343,1
30,101383.0,61,47.0,1.5,271,137,375,405035,1
38,104299.0,71,34.0,5.0,93,109,1920,706200,1
53,49146.0,37,21.0,4.2,184,63,375,761948,0
31,100398.0,51,33.0,3.8,301,104,414,452680,1
46,65829.0,63,18.0,5.5,130,54,1920,368448,1
28,97083.0,55,40.0,2.6,401,130,375,631633,1
38,54735.0,51,21.0,6.4,205,71,1366,260372,1
55,42409.0,39,13.0,5.0,201,37,1920,191006,0
55,51695.0,24,28.0,6.7,219,88,1920,229350,1
33,73720.0,67,44.0,3.3,350,135,1366,788725,1
42,113534.0,51,38.0,3.1,123,120,1366,905878,1
45,63249.0,45,26.0,9.2,167,73,1920,888768,1
36,113073.0,61,42.0,2.1,370,129,1366,948464,1
24,97283.0,56,48.0,3.7,374,149,414,306487,1
29,102855.0,73,46.0,1.9,377,129,414,197852,1
47,123643.0,68,39.0,5.0,10,111,414,592092,1
34,81424.0,55,44.0,4.9,346,121,1920,238593,1
31,112876.0,79,35.0,5.4,371,103,1366,827067,1
51,30527.0,23,24.0,6.0,198,75,1366,778841,0
29,102413.0,59,51.0,0.5,430,160,375,380618,1
41,48274.0,73,25.0,5.7,90,75,375,277832,1
41,128099.0,72,39.0,3.0,126,125,1366,942150,1
39,57382.0,55,17.0,4.2,156,44,1366,406773,0
40,62449.0,58,8.0,5.4,116,15,1366,145232,0
41,47011.0,60,22.0,6.0,156,65,1920,448688,1
53,61294.0,18,23.0,7.7,238,70,1366,560385,1
56,54235.0,8,19.0,6.4,253,56,375,883301,0
42,128418.0,55,39.0,5.0,127,106,1920,412813,1
58,55834.0,11,16.0,5.1,222,47,1366,309093,0
64,44469.0,32,18.0,5.1,193,47,375,431328,1
35,109286.0,57,44.0,1.1,383,135,1920,803305,1
33,73057.0,68,21.0,6.3,107,64,1366,113140,1
42,120680.0,76,44.0,5.8,114,127,1366,488612,1
42,122959.0,79,35.0,4.5,106,102,1366,707745,1
56,54433.0,21,21.0,3.5,254,57,1920,638645,1
52,35694.0,32,16.0,6.3,198,47,375,623375,1
58,64904.0,24,18.0,7.7,230,58,375,211672,1
45,75300.0,49,8.0,5.9,166,19,414,430817,1
44,71708.0,52,19.0,6.2,120,59,1366,745961,1
34,116157.0,63,31.0,3.9,50,90,414,689921,1
36,125596.0,70,42.0,4.7,96,122,414,832303,1
50,40397.0,26,16.0,8.4,182,47,375,720399,1
26,94522.0,70,53.0,3.2,359,153,1920,964690,1
43,129911.0,47,34.0,5.4,86,99,1920,506140,1
37,47425.0,59,10.0,5.1,192,24,375,169286,0
29,102309.0,57,38.0,5.4,353,123,1920,193269,1
30,104072.0,59,33.0,2.6,370,99,414,358635,1
59,46922.0,25,19.0,5.7,162,53,1366,174071,1
45,44418.0,48,9.0,3.3,143,28,375,550542,0
52,47660.0,77,21.0,6.7,94,62,1366,321095,1
38,39234.0,68,22.0,6.8,160,64,1920,613317,0
41,56674.0,76,21.0,5.6,144,66,1366,130651,1
31,102461.0,64,42.0,3.5,421,129,1920,170202,1
57,55973.0,17,30.0,6.5,286,87,1920,148777,1
44,53579.0,58,9.0,4.9,185,24,414,248066,0
55,54719.0,22,25.0,8.3,262,73,1920,953695,1
30,99324.0,77,42.0,5.7,400,114,414,290706,1
39,46337.0,71,18.0,7.8,137,46,414,724446,1
35,89471.0,75,36.0,3.4,124,114,414,897232,1
33,119540.0,60,,5.2,199,89,375,924255,1
39,55666.0,48,22.0,6.7,186,64,375,863935,1
30,108576.0,55,42.0,4.1,417,128,1920,426022,1
41,99078.0,65,40.0,2.7,113,121,414,380852,1
47,51116.0,74,25.0,8.2,178,90,375,768179,1
40,44019.0,49,21.0,5.2,205,68,414,830265,1
32,106937.0,61,40.0,4.2,384,119,1366,688158,1
37,101637.0,72,46.0,5.9,29,133,1366,633571,1
52,64102.0,28,16.0,7.5,206,39,1366,785933,1
42,41590.0,74,11.0,5.8,121,34,1920,965139,0
36,118070.0,65,37.0,3.9,172,107,414,524149,1
61,36814.0,35,17.0,6.0,221,43,1366,630062,1
43,131986.0,67,37.0,4.0,52,107,375,303127,1
43,137928.0,68,40.0,5.0,160,114,1366,242055,1
41,66918.0,58,11.0,7.0,156,41,1366,720756,1
33,110162.0,66,49.0,2.9,341,151,1366,982766,1
40,37972.0,69,21.0,4.9,142,62,1920,904565,0
53,57500.0,37,23.0,7.7,169,76,375,625069,1
26,118448.0,55,48.0,3.8,443,144,414,214586,1
56,44661.0,27,22.0,4.9,175,61,375,549916,1
56,61819.0,10,21.0,3.9,249,70,414,389768,0
37,107238.0,50,36.0,3.7,101,110,1920,631111,1
53,36433.0,49,28.0,8.6,167,78,1920,642777,1
47,61187.0,41,16.0,5.4,185,47,1920,271033,1
47,23768.0,61,18.0,5.5,237,49,1920,612880,0
38,,58,21.0,6.9,130,56,414,391262,1
28,109275.0,51,38.0,3.8,364,118,1366,200417,1
56,32664.0,20,21.0,6.1,194,72,414,181816,1
60,24887.0,40,28.0,5.8,109,77,375,777623,0
43,119604.0,75,60.0,5.4,142,182,1920,375709,1
36,100609.0,78,46.0,4.6,137,134,1920,775714,1
28,125484.0,79,39.0,2.6,402,114,375,274023,1
42,136952.0,79,37.0,6.2,78,108,414,977611,1
51,43906.0,31,27.0,7.0,182,76,1366,647936,1
56,56819.0,23,22.0,6.6,139,66,1366,543945,1
36,38684.0,63,19.0,5.2,199,52,375,141971,0
64,62615.0,25,14.0,6.6,221,43,1366,118658,1
37,63774.0,61,,6.3,204,44,414,121253,1
60,34337.0,31,25.0,6.2,337,73,414,557382,1
24,103422.0,57,46.0,1.3,386,133,375,279635,1
29,97541.0,71,43.0,5.7,364,126,414,257462,1
61,43133.0,25,27.0,3.8,202,84,1920,450808,1
60,45645.0,36,22.0,5.0,231,68,375,806938,1
24,116327.0,56,44.0,5.4,404,127,414,310097,1
41,105506.0,65,31.0,3.5,38,93,375,728138,1
36,41261.0,54,19.0,5.3,192,60,1366,762212,1
34,120629.0,58,48.0,2.1,165,135,414,620498,1
50,73839.0,73,17.0,5.6,95,53,1920,326058,1
48,56808.0,40,16.0,9.5,155,44,414,757911,1
31,114400.0,58,51.0,1.6,395,155,375,958379,1
53,68474.0,36,23.0,6.5,207,65,375,685289,1
57,39871.0,8,27.0,7.4,220,71,414,280231,1
47,116080.0,80,30.0,5.0,132,81,1920,222775,1
38,110712.0,52,46.0,0.0,366,138,1920,657531,1
31,120779.0,54,47.0,3.1,364,142,1920,777160,1
48,125115.0,64,51.0,5.9,81,148,375,962371,1
37,50443.0,59,18.0,7.0,136,57,414,419972,1
40,86663.0,49,19.0,6.3,221,48,1366,361716,1
38,52481.0,71,23.0,6.1,124,68,375,500455,1
43,49367.0,58,16.0,4.8,83,41,1920,368854,0
42,53246.0,53,18.0,6.0,175,50,414,514600,1
28,105649.0,80,42.0,2.9,339,126,1920,271918,1
28,96090.0,60,39.0,4.1,292,112,1366,319055,1
48,48027.0,54,19.0,6.9,159,55,1920,400135,1
34,124331.0,49,40.0,3.3,378,125,1920,834417,1
32,108604.0,63,50.0,4.3,378,147,1366,500187,1
43,96385.0,84,46.0,3.9,111,142,414,522355,1
41,121773.0,70,46.0,3.8,170,132,375,971877,1
27,115877.0,50,48.0,3.6,389,146,414,308139,1
45,48075.0,64,17.0,5.6,241,58,1366,180257,0
29,106312.0,66,47.0,2.4,370,128,1920,577958,1
40,,45,38.0,4.4,124,110,414,924143,1
44,66472.0,47,24.0,6.1,210,74,375,106530,1
43,94337.0,78,41.0,6.3,123,121,1366,373260,1
45,102494.0,72,35.0,6.2,31,106,414,690082,1
31,127923.0,51,40.0,4.0,374,116,375,310545,1
61,23652.0,34,7.0,5.0,286,21,1366,757258,0
56,53608.0,26,10.0,5.7,251,29,375,628423,1
47,45990.0,61,,6.3,211,68,1366,471616,1
55,52040.0,39,25.0,4.8,252,76,1920,578336,1
51,47880.0,24,12.0,6.6,323,37,414,875158,1
57,53004.0,31,27.0,5.0,189,78,375,713375,1
54,50340.0,43,24.0,6.8,200,69,1366,820391,1
51,44092.0,58,20.0,7.1,142,57,375,919812,1
29,124841.0,61,45.0,1.7,341,136,375,379215,1
42,117612.0,77,49.0,4.5,61,144,414,120074,1
30,90774.0,60,53.0,4.9,364,160,1920,846084,1
65,58154.0,34,13.0,4.6,230,49,375,692131,1
45,64821.0,60,22.0,5.5,251,70,1366,139901,1
38,116301.0,71,35.0,7.4,121,103,1366,373349,1
37,51083.0,70,19.0,6.9,239,63,1920,892338,1
41,120508.0,63,50.0,3.4,44,147,1366,495807,1
32,112463.0,66,42.0,3.2,380,115,1920,687275,1
40,115100.0,60,42.0,3.4,389,120,1366,442829,1
22,96058.0,46,,3.2,306,110,414,472598,1
49,23500.0,31,,5.5,247,49,375,467631,0
29,113085.0,55,42.0,3.4,324,126,414,678688,1
44,63432.0,43,20.0,4.6,148,68,375,256222,1
27,105678.0,72,41.0,3.3,369,124,375,131852,1
49,60039.0,27,25.0,6.8,187,73,375,613012,1
42,51815.0,69,21.0,5.8,210,67,414,939188,1
41,108591.0,75,40.0,6.0,73,108,375,477501,1
42,76864.0,45,19.0,4.0,60,58,414,743340,1
63,57188.0,37,13.0,4.7,99,42,1920,156481,1
39,57245.0,50,17.0,6.1,176,43,1366,887715,1
38,54535.0,65,22.0,9.3,71,71,1366,133691,1
38,107998.0,65,35.0,3.9,144,106,375,494341,1
43,123514.0,59,37.0,4.1,67,108,414,298137,1
59,54749.0,21,10.0,5.7,260,33,1366,650458,0
29,109729.0,62,58.0,3.8,324,185,414,632726,1
45,43080.0,73,19.0,6.9,168,57,414,906527,1
44,41996.0,47,,7.0,142,22,375,771514,1
33,104059.0,71,56.0,2.3,309,165,1366,501220,1
40,114060.0,63,42.0,4.6,112,121,375,896184,1
38,111147.0,70,42.0,4.9,39,130,375,155426,1
42,27269.0,60,24.0,5.0,149,67,1366,339968,1
39,116475.0,57,31.0,3.8,86,93,1366,388963,1
40,47968.0,56,21.0,7.4,148,60,1920,595384,1
58,39010.0,50,23.0,5.5,192,71,1920,978483,1
32,,66,19.0,7.6,263,58,414,621121,1
56,30702.0,20,17.0,3.6,220,56,1366,255289,0
60,33039.0,44,25.0,7.6,198,72,1920,361501,1
40,65230.0,46,13.0,3.8,153,37,414,619165,0
33,101546.0,65,42.0,4.3,392,121,414,319780,1
50,39626.0,42,25.0,6.1,228,72,414,395138,1
58,51748.0,40,13.0,7.1,242,40,1920,770396,1
49,48966.0,54,19.0,6.6,148,60,1366,832635,1
40,57085.0,62,19.0,4.3,198,52,375,197756,1
40,100297.0,68,34.0,4.0,119,106,414,542632,1
61,54323.0,37,23.0,5.6,249,75,1920,195665,1
54,35125.0,25,22.0,6.1,225,68,1920,756005,1
42,83070.0,51,17.0,4.5,205,60,375,262002,1
34,109400.0,66,45.0,3.8,311,131,375,361691,1
59,79545.0,28,22.0,5.3,225,59,1920,706123,1
38,100300.0,71,34.0,5.0,30,93,1366,222232,1
60,56289.0,20,28.0,7.7,223,91,375,842849,1
27,114804.0,67,53.0,3.1,394,162,1920,545358,1
32,102698.0,53,37.0,4.7,165,110,375,343051,1
44,60691.0,52,27.0,8.6,181,82,1366,257547,1
35,108540.0,56,46.0,1.9,395,132,414,512104,1
30,97958.0,58,38.0,4.5,409,126,375,668020,1
37,104834.0,70,40.0,5.1,129,120,1366,836983,1
62,47409.0,12,25.0,5.5,247,75,1920,408449,1
37,109037.0,77,36.0,6.9,78,111,375,801397,1
35,116084.0,77,,4.6,82,119,375,633634,1
31,111529.0,62,45.0,5.5,411,136,1920,887019,1
50,46097.0,32,21.0,3.9,181,59,414,112763,0
25,114502.0,61,38.0,2.8,395,116,1920,290237,1
41,113931.0,75,45.0,5.9,33,144,375,862841,1
35,105256.0,60,48.0,5.9,148,150,1920,956047,1
41,102147.0,78,32.0,5.0,13,103,1366,529332,1
44,50559.0,66,17.0,6.8,85,48,1920,745275,1
42,45042.0,61,10.0,5.5,105,25,375,316823,1
57,66647.0,30,26.0,4.4,224,77,1920,191353,1
40,,55,35.0,4.7,97,105,414,321373,1
30,98297.0,59,51.0,2.5,333,158,1920,457792,1
60,42750.0,22,16.0,4.0,237,39,414,649844,1
39,130042.0,85,36.0,4.2,83,115,1366,945474,1
31,97960.0,50,47.0,4.1,333,140,414,642387,1
44,119532.0,81,45.0,6.5,122,132,1920,471233,1
41,112264.0,80,51.0,4.0,38,147,375,276168,1
43,44352.0,61,23.0,5.8,215,60,414,827346,1
30,119976.0,71,40.0,1.7,358,124,1366,768590,1
37,53697.0,72,6.0,8.0,212,18,414,522225,1
47,55065.0,54,9.0,5.2,139,20,414,302041,0
58,37640.0,23,18.0,7.3,288,47,414,133866,1
51,22548.0,37,16.0,3.7,224,46,1366,205400,0
27,99623.0,56,37.0,4.9,355,119,1920,970678,1
45,,56,15.0,4.9,235,43,414,439119,1
33,104371.0,54,50.0,5.1,341,142,414,535071,1
51,60807.0,30,19.0,6.2,213,55,375,443701,1
60,45866.0,34,18.0,5.4,221,52,1366,237488,1
50,59985.0,18,22.0,5.1,241,52,414,696804,1
48,56575.0,65,6.0,4.6,202,17,1366,286987,0
50,105373.0,79,39.0,7.5,61,115,414,511274,1
30,122072.0,60,46.0,2.0,384,141,1920,533934,1
43,137947.0,64,44.0,4.8,106,141,1920,394746,1
27,89569.0,44,35.0,3.7,388,110,414,567874,1
43,102535.0,68,29.0,5.2,122,85,1920,571328,1
26,91358.0,46,49.0,2.5,430,141,414,289139,1
51,58602.0,28,17.0,4.5,173,63,1920,258588,1
36,103606.0,63,45.0,3.2,400,135,375,753583,1
30,104121.0,52,39.0,3.0,382,117,375,712257,1
61,43298.0,22,10.0,6.3,303,29,375,756449,0
52,66368.0,26,29.0,7.1,212,87,1366,305735,1
51,28817.0,25,21.0,6.1,200,62,1366,765847,1
40,112544.0,85,42.0,3.4,172,123,375,362299,1
26,109042.0,80,38.0,0.1,354,111,1366,223950,1
70,73916.0,27,20.0,7.5,289,59,1920,429638,1
33,104349.0,66,48.0,2.9,441,141,414,700517,1
34,119377.0,58,43.0,1.4,388,125,414,204648,1
41,89688.0,63,46.0,4.7,370,138,414,138547,1
56,35262.0,45,31.0,6.4,260,91,375,653083,1
53,71583.0,24,21.0,5.4,227,70,1366,286368,1
47,111389.0,71,31.0,4.0,99,79,1920,645735,1
60,50618.0,31,14.0,6.5,261,47,1920,791958,1
46,116092.0,90,35.0,6.9,103,111,375,846111,1
57,53268.0,24,21.0,3.1,190,52,1920,356190,0
45,111843.0,66,44.0,3.8,36,130,1920,306402,1
60,54989.0,51,12.0,7.8,266,34,1920,352419,1
39,92907.0,66,25.0,2.7,126,67,1920,854105,1
28,81883.0,69,50.0,4.2,319,146,1366,974392,1
45,118482.0,78,49.0,4.4,63,141,1920,949710,1
33,99682.0,65,39.0,5.4,64,125,414,679365,1
49,47518.0,52,22.0,5.1,125,70,375,212782,1
31,98033.0,57,50.0,3.5,306,156,1366,727220,1
63,37774.0,18,27.0,6.6,179,84,1920,543316,1
40,88326.0,56,46.0,6.8,84,132,1366,472013,1
42,124257.0,57,29.0,2.8,147,84,1920,410925,1
41,55130.0,63,19.0,6.6,200,59,414,286339,1
60,52918.0,30,22.0,6.6,271,59,375,575595,1
61,43975.0,19,28.0,6.1,227,87,1920,517168,1
50,27393.0,36,10.0,5.7,236,28,1920,940230,1
30,139346.0,57,29.0,6.0,196,85,1920,198696,1
40,70011.0,69,19.0,4.5,174,60,1920,603650,1
36,92053.0,90,32.0,4.4,83,98,375,150939,1
44,46376.0,75,17.0,5.4,145,49,375,915948,1
41,56520.0,77,12.0,7.3,223,41,414,811886,1
39,76381.0,62,13.0,7.2,181,33,375,241521,1
42,120127.0,81,44.0,3.0,56,135,1920,674578,1
58,52923.0,12,26.0,6.5,275,80,414,973093,1
36,110506.0,65,37.0,4.8,117,109,414,435098,1
46,112136.0,70,33.0,4.1,58,100,414,909178,1
32,105693.0,71,41.0,4.0,324,116,1920,692278,1
33,93622.0,67,46.0,1.2,338,142,1366,683098,1
48,102010.0,56,35.0,4.6,105,104,1920,742650,1
41,109617.0,72,42.0,6.7,43,123,375,576513,1
43,62214.0,68,30.0,5.7,126,95,375,246295,1
26,118886.0,49,52.0,2.2,393,152,1920,565453,1
57,56786.0,14,22.0,7.4,200,58,1920,757957,1
32,107379.0,59,42.0,3.1,414,118,414,821037,1
39,101459.0,58,45.0,4.1,109,138,1920,364803,1
26,101851.0,51,47.0,4.4,357,134,414,186516,1
44,52536.0,74,,6.9,153,50,375,174567,1
41,127098.0,94,36.0,4.1,138,97,414,901469,1
44,49656.0,57,12.0,8.3,165,44,1920,226498,1
27,111804.0,78,,4.2,312,127,375,802098,1
30,116407.0,52,52.0,4.0,409,155,1366,564894,1
37,115871.0,64,46.0,3.4,390,135,414,636397,1
37,54905.0,46,17.0,5.8,191,52,375,384154,1
33,86960.0,73,34.0,4.6,413,101,414,895219,1
53,52293.0,17,23.0,6.8,140,74,375,863760,1
47,119538.0,76,44.0,4.2,60,132,375,239544,1
40,38692.0,73,16.0,4.5,158,48,414,346183,1
45,121133.0,67,43.0,3.7,85,127,1366,778743,1
31,103457.0,67,42.0,2.9,397,125,375,423853,1
34,95297.0,57,45.0,5.9,496,136,375,563001,1
63,65199.0,36,30.0,4.1,196,81,375,868613,1
31,104744.0,56,35.0,4.0,344,98,1366,134518,1
26,95231.0,63,44.0,2.4,374,135,1366,153909,1
40,53911.0,51,18.0,3.9,118,54,1920,904783,1
26,122058.0,60,43.0,4.2,376,128,414,824984,1
41,112203.0,77,44.0,3.7,39,132,1366,615693,1
48,56621.0,9,21.0,3.6,204,64,414,639570,1
55,48303.0,39,27.0,6.1,202,78,1920,578082,1
56,43707.0,28,20.0,4.0,280,56,414,339017,0
34,108518.0,82,35.0,5.3,127,105,1366,514994,1
22,113268.0,55,37.0,2.5,359,106,414,552891,1
54,36727.0,23,20.0,7.4,226,62,1366,891507,1
32,,67,49.0,3.9,356,138,414,569164,1
50,,77,40.0,6.4,160,125,1366,803814,1
48,47153.0,23,15.0,6.1,233,47,1366,128365,1
39,56375.0,72,17.0,5.8,148,52,414,565982,1
45,38620.0,47,28.0,5.1,130,88,1920,541416,1
42,97059.0,85,48.0,3.9,78,152,375,373146,1
57,36108.0,21,30.0,5.3,287,95,1920,376091,1
41,,54,12.0,5.6,134,26,414,310294,1
63,28864.0,33,23.0,5.2,235,62,1920,981272,0
37,119134.0,88,46.0,6.7,73,134,1366,216219,1
32,110480.0,64,33.0,3.0,402,99,375,440754,1
52,39474.0,25,13.0,5.0,247,41,414,938574,0
45,38010.0,63,19.0,6.1,208,53,414,680595,1
52,41247.0,31,22.0,4.7,262,66,414,235565,0
45,48720.0,44,16.0,7.4,151,44,375,879383,1
49,36902.0,26,15.0,6.8,187,41,1366,412229,1
49,54388.0,52,7.0,4.2,108,13,414,658516,1
55,48789.0,20,27.0,7.0,299,76,1920,835036,1
27,99140.0,50,39.0,2.9,308,110,414,524871,1
37,109625.0,80,35.0,5.8,48,100,414,667760,1
34,109574.0,55,45.0,1.9,371,140,414,935869,1
25,96441.0,66,38.0,3.9,309,109,414,946143,1
35,101150.0,60,50.0,1.7,308,163,1366,237888,1
59,50586.0,17,17.0,5.4,215,53,1920,177175,0
45,62249.0,50,10.0,5.1,137,30,1366,688595,0
45,55504.0,39,23.0,6.1,215,64,1920,408877,1
60,68602.0,25,24.0,9.1,192,75,414,195028,1
65,31483.0,40,26.0,5.2,226,75,375,609666,0
58,60512.0,33,28.0,6.9,214,84,1366,242312,1
45,65600.0,57,12.0,6.4,131,48,375,591450,1
50,30501.0,17,21.0,5.1,239,62,1366,192493,1
30,115857.0,65,39.0,2.5,409,122,414,225149,1
39,73168.0,64,22.0,5.0,114,62,1366,853704,1
58,51740.0,15,6.0,6.7,214,17,414,302435,0
50,42708.0,38,23.0,7.4,240,77,1366,263834,0
57,60212.0,31,25.0,5.8,272,71,414,370403,1
52,35256.0,33,17.0,6.6,181,60,414,281211,1
28,108076.0,53,49.0,3.3,366,150,1920,376993,1
48,37730.0,73,31.0,4.4,197,90,414,443912,1
47,98324.0,76,50.0,3.5,71,153,1920,468252,1
32,109896.0,65,35.0,4.3,392,109,414,976141,1
28,92823.0,56,42.0,2.8,427,129,375,417013,1
29,103053.0,79,52.0,6.1,360,148,414,163095,1
43,109780.0,78,23.0,6.2,22,65,375,217886,1
43,70420.0,59,18.0,4.7,199,52,375,957342,1
39,131382.0,59,30.0,5.0,138,89,414,579926,1
30,81730.0,58,39.0,3.6,491,120,375,385711,1
27,111476.0,41,40.0,3.3,328,120,1920,135292,1
28,111592.0,51,45.0,4.3,417,128,1366,174813,1
56,30562.0,33,17.0,7.3,218,52,414,721424,1
42,44971.0,89,,5.5,182,42,375,675919,1
58,40093.0,16,22.0,7.5,182,68,414,109885,1
60,36309.0,42,22.0,7.1,279,71,1920,285378,1
41,130310.0,60,37.0,3.8,17,115,414,952746,1
42,73471.0,60,18.0,5.5,211,56,414,427231,1
54,47565.0,19,18.0,8.1,245,53,375,522381,1
47,104488.0,61,27.0,3.9,39,72,1920,560244,1
32,100048.0,43,45.0,0.9,363,137,1366,982430,1
40,52670.0,52,25.0,5.7,225,76,1366,674100,1
32,,67,48.0,3.4,425,145,375,805860,1
40,111716.0,70,38.0,5.6,97,107,414,572367,1
56,26410.0,35,25.0,4.9,235,69,375,420787,1
44,56156.0,65,20.0,4.8,167,65,375,144900,1
45,31363.0,66,15.0,8.2,191,44,375,536162,1
41,57664.0,53,28.0,5.3,163,87,414,501067,1
47,53215.0,68,20.0,6.5,154,60,1920,902720,1
36,121190.0,61,43.0,6.2,60,129,375,172692,1
42,55467.0,69,24.0,5.4,159,76,414,560796,1
42,103456.0,66,33.0,4.6,135,96,1920,500584,1
57,49923.0,21,16.0,7.7,278,48,375,971868,1
30,104447.0,63,41.0,3.2,401,120,1366,851496,1
57,41456.0,30,,7.1,170,84,1920,146403,1
52,56765.0,14,17.0,7.0,191,49,375,715458,0
34,102313.0,44,38.0,5.3,355,115,1920,895600,1
35,59363.0,58,20.0,6.1,124,57,1920,412023,1
38,56189.0,57,32.0,6.0,106,102,1920,159871,1
33,95569.0,65,46.0,4.7,481,133,1920,582604,1
47,102806.0,80,37.0,4.6,123,110,1920,591862,1
37,123858.0,56,42.0,3.2,347,123,1920,132174,1
43,95440.0,70,32.0,3.9,97,103,375,855111,1
45,37167.0,66,13.0,7.1,125,39,1366,323563,1
40,115292.0,69,39.0,3.3,35,122,414,237653,1
41,113629.0,72,38.0,4.0,72,106,1920,210155,1
32,96818.0,74,47.0,2.8,346,142,414,433997,1
44,119403.0,72,40.0,7.7,92,124,375,950478,1
47,71307.0,63,14.0,3.0,193,42,1920,411822,1
59,39253.0,28,19.0,6.6,278,62,1366,601608,0
55,44243.0,53,15.0,6.4,145,42,414,913081,0
44,120677.0,70,39.0,6.3,70,124,1920,227795,1
54,52904.0,28,15.0,7.6,315,56,375,188668,1
56,41732.0,19,25.0,7.4,153,73,1366,837685,1
32,83055.0,66,48.0,2.6,371,141,414,769927,1
36,99228.0,75,40.0,5.0,109,127,414,573620,1
22,107662.0,59,47.0,3.6,335,148,1920,976338,1
34,97462.0,75,42.0,3.3,335,123,1366,863429,1
41,108304.0,56,39.0,3.4,114,114,1366,720307,1
37,121676.0,65,39.0,7.9,91,115,1366,964434,1
27,126105.0,49,48.0,4.6,338,137,1366,653091,1
46,57662.0,29,27.0,4.5,239,76,375,773590,1
42,45930.0,68,22.0,7.3,164,60,1366,773222,1
40,119301.0,71,28.0,3.5,89,80,414,536571,1
47,114720.0,86,31.0,2.5,92,92,414,330147,1
41,130044.0,68,53.0,5.5,59,160,375,655083,1
31,103508.0,66,41.0,4.4,310,130,414,607820,1
44,118268.0,79,42.0,6.0,72,121,414,370914,1
57,48030.0,32,20.0,5.2,252,64,1366,635381,1
40,40463.0,58,21.0,6.4,217,61,414,493409,1
45,,58,13.0,4.8,149,38,375,462455,1
37,131171.0,67,46.0,1.1,344,141,1366,379713,1
58,37366.0,29,23.0,5.8,225,63,1920,897622,1
61,,22,26.0,5.5,255,79,1366,949256,1
53,64478.0,72,16.0,4.8,167,48,375,798112,1
41,106375.0,80,38.0,3.7,81,116,1366,787687,1
42,106730.0,74,47.0,4.7,160,142,1366,404214,1
43,,65,24.0,4.0,111,84,375,664485,1
56,25100.0,30,32.0,5.7,187,92,1366,626549,1
55,29694.0,33,24.0,6.5,204,69,375,257584,1
28,111468.0,35,41.0,2.7,424,119,375,448939,1
33,51392.0,59,22.0,4.3,101,63,1920,391077,1
56,52032.0,37,20.0,7.0,286,56,414,759738,1
29,108108.0,68,39.0,2.5,354,122,414,664871,1
28,103834.0,45,41.0,4.6,347,130,1366,474226,1
34,121286.0,54,41.0,4.9,437,120,1366,971803,1
35,99510.0,67,48.0,4.4,32,139,1920,784393,1
48,49911.0,70,18.0,5.3,190,56,1920,517216,0
50,43665.0,29,21.0,6.0,234,60,1920,211032,1
55,56545.0,33,22.0,5.8,233,69,375,306940,1
48,47919.0,35,21.0,6.1,164,64,1920,404748,0
30,109186.0,59,44.0,5.3,407,124,1920,561552,1
55,39882.0,39,29.0,5.6,192,94,1366,981506,1
58,50442.0,19,21.0,8.1,236,71,1920,326727,1
43,51454.0,68,15.0,6.0,214,41,375,173869,1
41,122244.0,55,41.0,3.9,118,121,375,891842,1
30,101671.0,55,45.0,1.4,398,136,1366,969807,1
38,120258.0,84,44.0,4.8,68,133,1920,811404,1
58,41106.0,13,23.0,3.6,204,72,1920,818675,0
42,109321.0,66,36.0,5.2,77,118,375,982487,1
26,111632.0,75,45.0,2.9,366,134,1920,302416,1
48,34631.0,9,20.0,6.0,204,56,1920,711004,1
53,60240.0,8,14.0,5.0,161,35,1920,678533,1
35,105777.0,70,48.0,4.0,104,140,414,667344,1
47,70551.0,53,21.0,6.9,145,62,1366,510925,1
39,104430.0,62,46.0,3.4,437,146,414,875024,1
24,100507.0,68,36.0,3.7,310,105,1366,420701,1
40,115527.0,82,,5.2,78,103,375,379687,1
55,44001.0,34,25.0,5.4,215,74,1920,530634,1
32,118272.0,60,38.0,3.1,335,119,1366,849971,1
28,122421.0,49,48.0,3.0,355,156,414,596507,1
29,123752.0,53,52.0,4.0,308,153,1920,982470,1
40,40286.0,61,9.0,6.3,163,24,375,509940,0
34,101324.0,52,48.0,4.4,428,149,1366,365972,1
44,53653.0,67,27.0,5.8,168,84,1366,216656,1
31,92590.0,64,42.0,0.9,330,135,1366,117087,1
41,78424.0,65,11.0,5.9,138,35,1920,393481,1
27,104779.0,53,42.0,0.9,375,124,414,236554,1
42,61058.0,77,,4.1,199,47,414,951765,1
29,111565.0,70,43.0,2.9,373,134,1366,585757,1
42,54138.0,59,24.0,6.6,174,76,375,282024,1
44,50331.0,59,20.0,7.4,83,62,375,236535,1
37,124348.0,61,37.0,5.4,54,116,414,867524,1
35,130575.0,67,37.0,6.4,118,116,375,694736,1
40,118385.0,88,39.0,5.0,92,123,414,628936,1
40,106321.0,61,37.0,7.0,121,114,1366,492720,1
61,51485.0,18,13.0,4.2,245,38,414,395767,0
20,103089.0,63,37.0,3.8,358,111,414,552372,1
52,30530.0,26,19.0,6.8,195,63,1366,135634,1
45,108164.0,71,36.0,4.2,82,103,375,476742,1
33,104268.0,64,37.0,3.4,242,112,414,411478,1
47,60013.0,47,15.0,6.6,200,43,414,955080,1
46,48462.0,53,15.0,7.5,165,45,1366,646342,1
31,119144.0,51,44.0,3.9,395,138,375,694316,1
42,118971.0,76,41.0,5.5,150,123,414,646495,1
33,112958.0,57,40.0,3.5,431,120,1366,573866,1
26,97215.0,88,50.0,1.6,311,143,414,855181,1
53,40366.0,28,15.0,7.3,202,48,1920,705842,1
42,107631.0,58,43.0,5.5,91,132,1366,776746,1
28,103106.0,70,48.0,1.8,369,154,375,707564,1
42,23079.0,77,14.0,6.7,161,40,375,414925,0
46,115471.0,92,41.0,4.9,82,124,375,808140,1
36,117458.0,63,53.0,3.8,383,160,375,292512,1
39,127758.0,64,40.0,3.6,184,127,414,947467,1
47,50260.0,42,12.0,5.5,231,35,414,632498,0
44,117311.0,78,42.0,3.7,71,127,375,668651,1
30,119291.0,52,45.0,4.6,387,138,375,866535,1
43,117354.0,100,45.0,4.5,55,135,375,702567,1
27,95943.0,68,42.0,3.0,283,123,414,291420,1
48,118552.0,64,38.0,5.4,98,114,375,810644,1
28,108546.0,54,36.0,2.6,365,113,375,600844,1
43,60047.0,55,16.0,5.6,207,42,1920,303196,1
29,89019.0,69,43.0,3.1,500,129,1920,299919,1
43,59712.0,61,14.0,5.8,98,38,375,515648,0
41,123211.0,71,38.0,5.9,83,119,1366,357324,1
43,103669.0,72,31.0,4.6,57,85,375,819449,1
41,64640.0,51,5.0,5.8,159,12,1920,854651,0
42,107187.0,71,38.0,6.2,105,115,1366,758681,1
31,102307.0,53,44.0,2.0,244,139,1366,967780,1
54,35237.0,27,32.0,3.9,174,95,375,530599,1
52,44078.0,31,24.0,5.9,181,69,1920,475960,0
45,,57,42.0,3.9,74,135,1920,834042,1
45,94360.0,59,27.0,4.4,125,73,1366,747341,1
61,41309.0,29,21.0,5.6,160,52,375,572406,1
61,49837.0,10,14.0,6.0,231,44,414,283965,0
53,50476.0,23,18.0,5.3,158,51,414,266892,0
31,89536.0,74,37.0,3.6,321,105,1920,952694,1
37,110462.0,74,44.0,4.1,87,135,414,234832,1
25,74477.0,60,53.0,5.4,347,160,1920,253262,1
42,56556.0,62,13.0,5.8,102,36,1920,167411,1
37,113236.0,40,33.0,4.4,43,92,1920,385521,1
45,106086.0,70,48.0,3.9,170,148,414,539953,1
41,116654.0,66,34.0,5.8,59,105,1920,138211,1
24,106250.0,49,45.0,4.5,349,134,1366,313981,1
32,105988.0,45,50.0,2.4,332,159,375,365888,1
42,53087.0,66,25.0,6.2,145,69,375,880926,0
30,86652.0,60,39.0,4.5,343,109,1920,387139,1
56,31136.0,30,32.0,6.8,215,92,375,772337,1
41,105310.0,71,41.0,6.5,135,122,414,853298,1
63,37807.0,44,19.0,7.9,159,58,414,658830,1
40,57603.0,65,13.0,7.7,124,37,375,110651,1
48,108799.0,81,38.0,4.5,132,115,414,199239,1
20,104892.0,74,,4.6,418,137,375,965363,1
37,125602.0,61,53.0,5.3,102,166,375,850704,1
38,59290.0,56,22.0,4.7,237,65,375,988544,1
39,136967.0,74,41.0,6.0,105,128,1920,903147,1
35,49053.0,58,28.0,5.7,73,85,375,537625,1
32,150000.0,41,53.0,3.0,378,161,1920,255378,1
20,116205.0,68,42.0,3.4,388,128,375,250158,1
43,48581.0,58,7.0,7.3,177,23,375,507592,1
36,117339.0,76,41.0,4.5,89,126,375,423494,1
65,61503.0,31,26.0,7.6,194,84,414,433569,1
45,58692.0,52,21.0,7.2,172,63,1920,596574,1
40,52456.0,64,25.0,5.1,144,78,1920,529852,1
46,70962.0,32,16.0,6.4,225,47,375,972552,1
60,50409.0,47,26.0,5.4,219,85,375,544865,1
39,63862.0,65,25.0,5.2,134,71,414,527826,1
65,48285.0,36,16.0,5.2,263,57,414,765418,1
27,99487.0,59,41.0,0.8,397,122,414,355948,1
41,105527.0,75,35.0,7.3,100,97,1920,621481,1
54,46597.0,16,24.0,5.3,210,72,1920,961069,1
54,52271.0,51,16.0,5.7,215,44,1920,571249,1
56,49087.0,30,20.0,7.7,214,64,375,956626,1
63,54655.0,42,13.0,4.5,212,35,1920,963349,1
46,56531.0,71,21.0,6.1,152,60,1366,164200,1
47,81113.0,61,21.0,6.2,135,53,1366,205848,1
25,108834.0,72,40.0,2.4,357,117,414,206022,1
36,118145.0,72,41.0,5.1,197,110,1920,801979,1
53,43800.0,48,16.0,5.5,212,40,1366,512755,1
42,62384.0,61,11.0,6.2,209,36,414,880741,1
42,54067.0,74,14.0,7.7,174,45,1920,946490,0
45,51607.0,56,23.0,6.1,186,71,375,162068,1
40,131752.0,75,42.0,5.5,144,121,1366,570529,1
42,63801.0,52,29.0,3.8,140,86,375,986364,1
58,54396.0,33,16.0,6.4,233,47,1920,261445,1
38,116477.0,73,35.0,7.1,114,99,1366,788514,1
52,41575.0,52,16.0,7.7,165,55,1920,237103,0
55,39695.0,32,27.0,5.4,118,85,375,324605,1
41,120034.0,73,46.0,4.9,77,136,1366,303047,1
47,115182.0,82,39.0,7.3,168,117,375,909217,1
48,33220.0,22,31.0,5.5,225,94,1920,349768,1
40,132912.0,57,30.0,6.6,86,79,1920,784029,1
42,130286.0,79,38.0,4.7,53,112,375,194475,1
41,100914.0,81,43.0,5.7,57,125,1366,610370,1
43,116793.0,65,35.0,4.7,144,99,375,626570,1
66,51219.0,41,20.0,6.9,253,58,1920,789984,1
39,42757.0,64,11.0,5.6,123,41,375,803798,0
48,118396.0,59,43.0,7.4,138,132,1920,320972,1
37,97069.0,66,43.0,5.0,43,126,375,953966,1
43,35888.0,64,13.0,8.2,187,41,1366,262777,0
